{
  "cols": 10,
  "data": {
    "pointer-0": [
      0.8974733352661133,
      0.5154951214790344,
      0.2759637236595154,
      0.24531148374080658,
      0.18487396836280823,
      0.6192420125007629,
      0.501738429069519,
      0.5646258592605591,
      0.5,
      0.5
    ],
    "pointer-1": [
      0.8974733352661133,
      0.5154951214790344,
      0.2759637236595154,
      0.24531148374080658,
      0.3492063581943512,
      0.7063080072402954,
      0.8305502533912659,
      0.22598639130592346,
      0.2142857164144516,
      0.6963260769844055
    ],
    "pointer-10": [
      0.7474246621131897,
      0.9829931855201721,
      0.8080713748931885,
      0.0,
      0.748299241065979,
      0.6269194483757019,
      0.6292517185211182,
      0.8342857360839844,
      0.9044703245162964,
      0.8129250407218933
    ],
    "pointer-2": [
      0.3285714387893677,
      0.2303401380777359,
      0.2182040810585022,
      0.380952388048172,
      0.557823121547699,
      0.6182766556739807,
      0.6190476417541504,
      0.22598639130592346,
      0.2142857164144516,
      0.6963260769844055
    ],
    "pointer-3": [
      0.3285714387893677,
      0.2303401380777359,
      0.2182040810585022,
      0.8892202973365784,
      0.8872691988945007,
      0.858305037021637,
      0.6870748400688171,
      0.5392177104949951,
      0.6538822650909424,
      0.7970749139785767
    ],
    "pointer-4": [
      0.3285714387893677,
      0.2303401380777359,
      0.2182040810585022,
      0.8892202973365784,
      0.10884357988834381,
      0.36836734414100647,
      0.6068028807640076,
      0.4488435387611389,
      0.41360557079315186,
      0.380952388048172
    ],
    "pointer-5": [
      0.7482993006706238,
      0.48775503039360046,
      0.442176878452301,
      0.28564268350601196,
      0.6044217348098755,
      0.3683095872402191,
      0.5090413689613342,
      0.6645968556404114,
      0.8299753069877625,
      0.380952388048172
    ],
    "pointer-6": [
      1.0,
      0.9505907893180847,
      0.5784580707550049,
      0.6088435649871826,
      0.5230807065963745,
      0.6768707633018494,
      0.47891154885292053,
      0.7570748925209045,
      0.833809494972229,
      1.0
    ],
    "pointer-7": [
      0.21124938130378723,
      0.47329381108283997,
      0.8080713748931885,
      1.0,
      1.0,
      1.0,
      1.0,
      0.6122449040412903,
      0.6197279095649719,
      0.13317635655403137
    ],
    "pointer-8": [
      0.21124938130378723,
      0.47329381108283997,
      0.8080713748931885,
      0.0,
      0.748299241065979,
      0.7268825173377991,
      0.7112730741500854,
      0.23129251599311829,
      1.0,
      0.13317635655403137
    ],
    "pointer-9": [
      0.7474246621131897,
      0.9829931855201721,
      0.8080713748931885,
      0.0,
      0.748299241065979,
      0.4761904776096344,
      0.0,
      0.8342857360839844,
      0.9044703245162964,
      0.8129250407218933
    ]
  }
}
