{
  "cols": 2,
  "data": {
    "pointer-0": [
      0.2050359696149826,
      0.8453237414360046
    ],
    "pointer-1": [
      0.8417266011238098,
      0.24100719392299652
    ],
    "pointer-10": [
      0.9064748287200928,
      0.4640287756919861
    ],
    "pointer-2": [
      0.3992805778980255,
      0.4424460530281067
    ],
    "pointer-3": [
      0.798561155796051,
      0.8381295204162598
    ],
    "pointer-4": [
      0.30215826630592346,
      0.20863309502601624
    ],
    "pointer-5": [
      0.08992806077003479,
      0.6726618409156799
    ],
    "pointer-6": [
      0.8956834673881531,
      0.49640288949012756
    ],
    "pointer-7": [
      0.0,
      0.11870503425598145
    ],
    "pointer-8": [
      0.18705035746097565,
      0.41366907954216003
    ],
    "pointer-9": [
      0.24820144474506378,
      0.9208633303642273
    ]
  }
}
